epoch,accuracy,loss,val_accuracy,val_loss
0,0.658789873123169,0.6594473719596863,0.7335701584815979,0.5430089235305786
1,0.7436685562133789,0.5054334998130798,0.788632333278656,0.4464649260044098
2,0.7626364231109619,0.47433003783226013,0.7957371473312378,0.41094517707824707
3,0.7678287625312805,0.4689500331878662,0.6927176117897034,0.6751956343650818
4,0.7694182395935059,0.4595365524291992,0.5896980166435242,1.042479395866394
